7,8,13,2025-03-13
8,10,20,2025-03-12
2,3,3,2025-03-11
9,17,19,2025-03-10
5,9,13,2025-03-09
9,17,21,2025-03-08
4,8,12,2025-03-07
1,4,4,2025-03-06
9,13,14,2025-03-05
6,10,10,2025-03-04
7,7,17,2025-03-03
1,7,13,2025-03-02
2,2,2,2025-03-01
6,8,17,2025-02-28
2,5,12,2025-02-27
9,9,9,2025-02-26
5,8,18,2025-02-25
6,10,15,2025-02-24
10,20,20,2025-02-23
7,17,23,2025-02-22
9,14,17,2025-02-21
1,8,18,2025-02-20
5,15,19,2025-02-19
4,10,17,2025-02-18
3,3,13,2025-02-17
4,10,18,2025-02-16
1,7,7,2025-02-15
10,20,23,2025-02-14
10,10,17,2025-02-13
4,4,6,2025-02-12
3,6,6,2025-02-11
9,15,17,2025-02-10
10,19,23,2025-02-09
9,11,16,2025-02-08
7,14,18,2025-02-07
7,12,19,2025-02-06
7,16,24,2025-02-05
3,7,17,2025-02-04
9,16,24,2025-02-03
3,7,10,2025-02-02
7,8,11,2025-02-01
3,7,17,2025-01-31
9,11,12,2025-01-30
9,16,21,2025-01-29
9,15,25,2025-01-28
1,5,5,2025-01-27
4,10,15,2025-01-26
4,4,4,2025-01-25
5,14,19,2025-01-24
